GISJOIN,YEAR,STUSAB,STATE,GEO_ID,TL_GEO_ID,NAME_E,AQNFE001,AQNGE001,AQNGE002,AQNGE003,AQNGE004,AQNGE005,AQNGE006,AQNGE007,AQNGE008,AQNGE009,AQNGE010,AQPKE001,AQPKE002,AQPKE003,AQPKE004,AQPKE005,AQPKE006,AQPKE007,AQPKE008,AQPKE009,AQPKE010,AQPKE011,AQPKE012,AQPKE013,AQPKE014,AQPKE015,AQPKE016,AQPKE017,AQPKE018,AQPKE019,AQPKE020,AQPKE021,AQPKE022,AQPKE023,AQPKE024,AQPKE025,AQPZE001,AQPZE002,AQPZE003,AQPZE004,AQPZE005,AQPZE006,AQPZE007,AQPZE008,AQP6E001,AQRAE001,NAME_M,AQNFM001,AQNGM001,AQNGM002,AQNGM003,AQNGM004,AQNGM005,AQNGM006,AQNGM007,AQNGM008,AQNGM009,AQNGM010,AQPKM001,AQPKM002,AQPKM003,AQPKM004,AQPKM005,AQPKM006,AQPKM007,AQPKM008,AQPKM009,AQPKM010,AQPKM011,AQPKM012,AQPKM013,AQPKM014,AQPKM015,AQPKM016,AQPKM017,AQPKM018,AQPKM019,AQPKM020,AQPKM021,AQPKM022,AQPKM023,AQPKM024,AQPKM025,AQPZM001,AQPZM002,AQPZM003,AQPZM004,AQPZM005,AQPZM006,AQPZM007,AQPZM008,AQP6M001,AQRAM001
G010,2018-2022,AL,Alabama,0400000US01,1,Alabama,5028092,5028092,3329012,1326341,21122,69808,2253,93924,185632,63576,122056,3428520,45445,624,713,868,1823,4231,3206,4916,15486,15219,34844,58303,81859,88112,65531,864977,176748,219269,507480,306021,572252,261039,56574,42980,4890427,351011,417886,235172,235159,328126,134469,3188604,59609,33344,Alabama,,,3832,3804,1564,1150,714,4749,4998,3409,3638,1434,2181,232,251,287,418,660,497,592,1099,1048,1549,2075,2617,3235,2165,9046,3575,5226,5544,4571,7231,5033,2127,1732,1609,7419,8154,8267,8017,9522,5246,16747,377,211
G020,2018-2022,AK,Alaska,0400000US02,2,Alaska,734821,734821,450472,23395,104957,47464,11209,14597,82727,15138,67589,485871,3875,58,29,109,261,517,446,573,827,1032,2936,3044,4874,6902,6206,114087,26039,36099,85203,43357,93744,39645,9589,6419,717293,34765,40462,22772,27287,37184,14863,539960,86370,42828,Alaska,,,1711,906,1788,1200,462,1528,2779,1247,2510,445,503,56,20,90,130,144,177,209,171,244,325,389,509,624,718,2256,1138,1239,2099,1700,2434,1456,759,691,533,2326,2483,1636,2534,2397,1541,4885,1083,523
G040,2018-2022,AZ,Arizona,0400000US04,4,Arizona,7172282,7172282,4781702,327077,297590,240642,14116,549361,961794,668727,293067,4878959,80113,1211,1394,2622,5446,10571,6186,11694,51151,13127,51979,66552,61336,79932,108118,953769,197611,369906,808921,445866,958447,429317,93897,69793,7017776,441879,474997,287110,308856,445886,201975,4857073,72581,38334,Arizona,,,11855,4147,4524,3108,885,10442,13232,13166,6917,631,2419,260,517,467,804,969,685,1040,2480,1023,2152,2645,2198,2414,2715,7942,4164,5801,8186,5188,8580,5271,2717,1780,1577,9030,10092,8052,8883,9244,7339,19591,450,204
G050,2018-2022,AR,Arkansas,0400000US05,5,Arkansas,3018669,3018669,2193348,456693,16840,47413,11117,89782,203476,106205,97271,2031847,27369,288,298,539,1529,3851,2964,3767,13986,11002,24700,29623,38771,45835,35133,573876,119999,137651,299173,159514,317437,134754,29822,19966,2931377,203497,272232,156797,166404,224535,96162,1811750,56335,31868,Arkansas,,,5230,2289,1020,1302,736,3255,5743,5263,2578,1186,1514,120,130,165,378,573,579,531,1023,964,1524,1460,1550,1917,1557,6648,2719,3470,4350,3264,4867,3048,1406,1083,1030,5408,6038,5088,5441,6225,4334,10900,422,310
G060,2018-2022,CA,California,0400000US06,6,California,39356104,39356104,18943660,2202587,394188,5949136,150531,6388999,5327003,3506890,1820113,26842698,880931,8821,13922,31306,68837,144716,87564,128777,630094,99733,246600,422855,293918,390780,736856,4837641,647858,1592200,3816058,2136258,5935292,2515475,687281,488925,38643585,2209824,2475448,1494251,1540915,2163626,943946,27815575,91905,45591,California,,,30822,9304,8220,10460,2498,35593,32386,29577,20345,1295,10267,682,1109,1609,2878,4208,2265,3858,9737,2839,4865,7343,4964,6556,6909,27212,7187,13796,20019,12792,25464,18191,6893,6964,4300,20257,26488,18456,19104,23145,16841,62949,277,149
G080,2018-2022,CO,Colorado,0400000US08,8,Colorado,5770790,5770790,4393409,233712,57022,185431,8094,283146,609976,375060,234916,3982760,50945,471,625,997,2146,4691,2697,6343,25936,7497,22869,33130,35389,46332,57016,660933,153275,245040,550016,334723,1083618,481793,100044,76234,5653289,270683,269422,167682,183800,277333,137790,4346579,87598,47346,Colorado,,,7884,2900,2874,2398,715,6838,8620,7399,5256,931,2332,175,224,323,457,620,434,749,1610,845,1613,1579,1508,1946,1871,7426,3447,4240,6398,4189,6460,6192,2283,2154,1198,7670,7897,5924,6756,8608,5488,16166,508,253
G090,2018-2022,CT,Connecticut,0400000US09,9,Connecticut,3611317,3611317,2522166,385407,9043,170945,1345,233926,288485,162640,125845,2520790,37949,578,723,1000,1738,4720,3895,7032,15611,6623,21951,24201,27997,28745,37313,570708,80080,136836,277697,192167,573917,341203,81685,46421,3507563,168097,187595,102012,107538,153627,67746,2720948,90213,52034,Connecticut,,,6682,3664,1059,1584,391,6176,7344,5810,4314,424,1679,191,242,238,410,698,671,913,1304,815,1596,1413,1426,1351,1723,6650,2475,3283,4970,3274,5162,5166,2243,1657,869,5871,5607,4520,4381,5989,3356,11156,730,404
G100,2018-2022,DE,Delaware,0400000US10,10,Delaware,993635,993635,634244,218266,3309,40570,365,32751,64130,28821,35309,700364,6745,100,104,228,372,414,753,1202,4497,1273,6274,6490,9986,10950,11956,184812,23317,43967,87027,58540,139213,75033,13180,13931,969075,51156,56634,31941,31251,50048,23737,724308,79325,42180,Delaware,,,2984,2327,703,755,117,2596,3017,1836,2344,144,754,59,49,124,154,155,263,355,604,318,735,731,920,976,1012,3398,1285,1873,2742,2069,3123,1999,953,1189,731,2561,3376,3084,2443,3330,2399,5753,1227,471
G110,2018-2022,DC,District of Columbia,0400000US11,11,District of Columbia,670587,670587,265633,297101,2209,27067,420,30879,47278,20539,26739,484596,6109,48,198,73,328,645,361,1306,2348,1070,2098,3942,4885,6581,5385,61269,11547,15747,42290,14834,124860,109410,48095,21167,649184,57577,40462,18078,17472,21262,10065,484268,101722,71297,District of Columbia,,,2124,1999,510,736,69,2202,2412,1748,1977,146,948,37,146,52,139,254,148,474,548,316,442,714,651,709,591,2492,1004,1272,1881,943,2653,2553,1627,1135,503,3327,2528,2169,2446,2254,1546,4781,1569,958
G120,2018-2022,FL,Florida,0400000US12,12,Florida,21634529,21634529,13807410,3355708,59197,609990,13200,1045557,2743467,2089692,653775,15579847,266243,6015,3457,7636,14074,31109,24139,40516,114086,55480,116914,175853,214247,235772,365331,3671306,645493,1026244,1961436,1567030,3154240,1308569,372331,202326,21171700,1242849,1482784,919782,962895,1416581,626813,14519996,67917,38850,Florida,,,22830,10029,3502,3903,1045,16816,25622,23132,12248,1453,5871,878,735,880,1488,2258,1603,2433,4221,2693,3483,4536,4805,5282,6803,30663,8229,10916,12585,10809,19146,12336,5941,4300,2589,17658,23617,17975,17931,21252,15193,47130,259,186
G130,2018-2022,GA,Georgia,0400000US13,13,Georgia,10722325,10722325,5820019,3373948,37920,465487,7411,378659,638881,315042,323839,7158620,116098,1612,1713,2604,5582,12918,8688,17403,50519,25194,63390,97816,133514,141523,130065,1611827,331469,418865,985474,594639,1464589,669304,165134,108680,10462430,658872,756701,450869,477599,657997,281998,7178394,71355,37836,Georgia,,,8587,7461,2768,2788,1145,9956,10809,8455,7764,2226,3716,386,357,742,849,1265,1082,1462,2545,1586,2212,2983,3938,3960,3450,15387,5360,7580,11301,7188,13301,9130,3994,2989,2126,11422,14906,11767,12009,13278,10227,27064,353,200
G150,2018-2022,HI,Hawaii,0400000US15,15,Hawaii,1450589,1450589,333296,28665,4210,538970,150797,24503,370148,23091,347057,1022529,12474,203,302,362,798,1432,1437,2143,7813,2124,5737,6371,8695,9336,15366,244486,28341,61936,145130,113060,227243,85984,25539,16217,1414636,67275,68666,40056,41333,67524,26533,1103249,94814,42683,Hawaii,,,2170,975,608,4033,2432,2224,5141,1389,5335,247,1034,140,117,139,240,256,279,414,864,326,573,805,793,781,1082,3297,1365,1930,2773,2269,3224,2124,1429,1006,1005,3465,3132,2675,3048,3987,2259,6761,994,431
G160,2018-2022,ID,Idaho,0400000US16,16,Idaho,1854109,1854109,1574859,12781,22297,24987,2721,83887,132577,73263,59314,1212296,13404,274,256,360,1099,1684,1062,1527,8505,2309,8404,9417,14754,19274,21391,259629,59549,97800,205764,119611,244372,85760,20684,15407,1805238,85177,113611,75277,89503,128687,57822,1255161,70214,34919,Idaho,,,4460,713,1275,1090,422,3660,4233,3984,1670,841,1128,137,120,157,317,397,292,290,813,497,795,884,973,1278,1256,4298,2347,2751,3691,2777,4073,2670,1183,945,753,3484,4671,4161,4865,6275,3798,10294,715,346
G170,2018-2022,IL,Illinois,0400000US17,17,Illinois,12757634,12757634,8388659,1774605,55819,738071,5476,842553,952451,606350,346101,8746416,139881,2131,2368,2966,7349,14037,11681,16079,86964,19977,90342,74938,104969,124838,164216,1899480,316426,582890,1149453,727981,1924339,938097,214115,130899,12478664,705687,762206,437038,455958,658023,289888,9169864,78433,43198,Illinois,,,12338,5030,3377,3727,787,12766,14010,11448,7448,965,3502,378,431,494,891,973,989,1237,2782,1211,2970,2423,2621,3354,3462,14302,4079,7597,10374,6864,12042,8909,3632,3036,2363,10912,12473,10698,10709,10789,7734,22323,297,199
G180,2018-2022,IN,Indiana,0400000US18,18,Indiana,6784403,6784403,5426227,640752,12465,168899,2490,187740,345830,153259,192571,4532091,56042,840,1249,710,1583,3164,3316,4139,16598,9688,62349,52586,76345,87278,77367,1258288,237530,315006,579487,408878,815853,342003,69602,52190,6589135,392725,417977,264429,284564,410603,177211,4641626,67173,35578,Indiana,,,5342,3732,1240,2235,372,5535,6359,4694,5061,1324,1933,238,284,229,357,499,589,544,998,799,2225,1905,2597,3075,2291,8403,3610,5098,7242,5414,8298,5102,2546,2013,2136,8652,8526,8293,7426,8609,6183,19595,383,204
G190,2018-2022,IA,Iowa,0400000US19,19,Iowa,3188836,3188836,2769619,120619,10111,78940,4582,54569,150396,65729,84667,2131202,20405,297,641,323,705,1433,1825,1793,8075,3688,18573,16043,21570,28735,24539,568254,84538,151796,277459,255181,433380,148289,36031,27629,3088999,159126,184015,115478,121448,176948,81317,2250667,70571,37949,Iowa,,,3328,2315,705,1362,267,2975,4043,3252,2489,967,1110,126,201,154,178,332,372,414,960,560,848,1038,994,1339,1070,5914,2221,2734,3636,3465,5401,2649,1535,1273,950,4099,4281,3596,4056,4836,4261,10585,395,241
G200,2018-2022,KS,Kansas,0400000US20,20,Kansas,2935922,2935922,2341473,163581,22015,88513,2729,102461,215150,96078,119072,1926520,25436,412,597,701,1088,2475,2059,2906,10754,3721,16884,17778,21990,24578,26990,415315,79418,157160,276328,171665,417263,185313,38167,27522,2848334,150110,179760,106788,113244,174805,81015,2042612,69747,38108,Kansas,,,4694,2142,1462,1686,472,3840,4761,4385,3223,1049,1290,118,297,184,278,552,442,464,1025,477,1054,1020,1224,1068,1239,5253,1973,2663,3864,2910,4233,3100,1343,1432,928,5049,5161,3443,3803,5671,4138,9995,479,364
G210,2018-2022,KY,Kentucky,0400000US21,21,Kentucky,4502935,4502935,3816997,360184,6821,69187,3805,56352,189589,68088,121501,3067109,36539,356,496,722,1035,4130,2819,5193,12883,12904,62762,51118,64934,60322,47234,806274,196996,210743,408299,269411,478134,241185,56939,35681,4372749,319924,384834,207466,207090,288160,122899,2842376,60183,33515,Kentucky,,,3010,2867,595,1134,665,2671,4038,2903,2967,1380,1654,119,169,196,253,484,402,560,1036,933,2339,1762,1860,2294,1824,7599,3546,3762,5519,4045,5331,4349,1752,1478,1269,7736,7729,6089,5913,6937,4042,15811,443,209
G220,2018-2022,LA,Louisiana,0400000US22,22,Louisiana,4640546,4640546,2758714,1464582,24952,80363,2361,84387,225187,98242,126945,3121146,43616,581,432,883,1213,4447,3256,6845,18880,18111,40253,55190,75996,87555,57096,854193,171265,182985,466913,215867,519481,206717,56332,33039,4513793,382044,459994,225067,228944,289525,125005,2803214,57852,32981,Louisiana,,,4534,4710,1243,1470,708,4182,5541,3792,4748,1263,2041,255,181,244,346,634,573,800,1440,1291,1894,2098,2746,2745,2524,9260,3772,4188,6031,4411,7593,3956,2035,1366,1758,10152,10045,7151,6880,8217,5458,16137,468,265
G230,2018-2022,ME,Maine,0400000US23,23,Maine,1366949,1366949,1261284,21775,6722,15071,265,8128,53704,21246,32458,1005961,6442,188,183,125,118,430,322,458,1156,1384,8881,7731,10514,11217,10611,261945,49650,60081,128129,103134,214733,90861,22065,15603,1329454,60161,85330,47314,52146,78455,35400,970648,68251,39718,Maine,,,1965,902,453,681,82,1022,2341,1936,1272,446,584,92,98,68,68,162,108,161,236,266,709,635,735,769,722,3965,1623,1643,2755,2625,3560,2165,1174,909,587,2770,3047,2626,2694,3284,2307,6508,611,394
G240,2018-2022,MD,Maryland,0400000US24,24,Maryland,6161707,6161707,3154247,1841926,18343,399736,3120,355402,388933,153723,235210,4260095,68023,1025,733,1820,4018,7151,6261,9774,24222,12826,26571,41958,51877,54411,73247,885579,127145,259289,513329,292090,952916,590587,135879,119364,6034320,277146,281421,163512,175627,246875,118126,4771613,98461,49865,Maryland,,,6642,4946,1354,3192,847,7838,7638,5688,5653,713,2126,203,198,462,624,820,885,832,1375,905,1343,2063,2116,2180,2027,9102,3226,4456,6742,4077,8816,6784,2988,2935,1972,7435,8519,6205,7074,8103,5633,16373,511,225
G250,2018-2022,MA,Massachusetts,0400000US25,25,Massachusetts,6984205,6984205,5075525,498785,14740,487600,2766,347501,557288,322753,234535,4920101,86614,1036,1190,2443,4752,8942,13514,13046,23944,15094,39401,42972,53235,50555,74849,990524,137375,245835,481089,374880,1234320,717317,153045,154129,6772292,321588,350773,191274,192300,270766,119866,5325725,96505,53513,Massachusetts,,,7921,5555,1295,2847,450,8330,7733,7874,5334,756,2940,231,326,446,648,994,959,1101,1407,1214,2129,2181,2303,2073,2549,9643,3140,4224,6445,5261,7970,7745,3041,3553,1548,7357,9404,6011,6699,7462,4696,16148,551,287
G260,2018-2022,MI,Michigan,0400000US26,26,Michigan,10057921,10057921,7617085,1363539,45662,327551,2780,157999,543305,209757,333548,6938439,83826,995,1424,1136,1882,4445,3636,7737,16663,12509,46277,55118,99944,122408,114402,1694166,276452,535510,1025808,673750,1311608,627217,132170,89356,9845242,599404,693760,379766,398489,577047,257947,6938829,68505,37929,Michigan,,,6890,6271,1658,2592,385,5095,8232,5398,6930,959,2311,199,245,267,358,459,494,789,1195,961,1884,1983,2489,3273,2222,10824,3785,5818,7739,6692,8062,7482,2421,2300,1606,9311,9457,7252,6792,9756,6298,21095,307,155
G270,2018-2022,MN,Minnesota,0400000US27,27,Minnesota,5695292,5695292,4537219,382082,51434,286146,2324,133098,302989,102874,200115,3874392,54955,835,576,975,1260,1890,2303,2998,10827,4087,22842,20483,30277,38392,50525,800667,117428,254016,527184,452032,965593,364292,89655,60300,5574039,234670,281614,169383,180739,261749,118549,4327335,84313,44947,Minnesota,,,4806,3667,1537,2248,324,4429,6104,3896,4498,1010,2054,226,167,202,366,338,378,494,977,546,1060,1218,1262,1270,1546,5851,2160,2936,5165,4150,6423,4506,2388,1973,1507,5868,6375,5138,5547,5343,4150,11125,348,204
G280,2018-2022,MS,Mississippi,0400000US28,28,Mississippi,2958846,2958846,1685024,1101836,12777,29041,1200,41764,87204,29813,57391,1968322,28501,371,191,460,978,2739,2953,4293,10746,11894,28120,35602,48884,58851,36516,468731,118051,122570,308683,209117,286132,131671,30003,22265,2858819,247837,300967,164395,154566,202194,92301,1696559,52985,29209,Mississippi,,,2428,2857,859,981,432,2450,3402,2317,2541,1672,1617,127,94,268,288,507,558,578,853,989,1317,1893,2297,2316,1845,6021,3357,3609,5568,3683,5005,3059,1544,1645,1158,6333,6907,5213,5719,5907,4739,11976,527,294
G290,2018-2022,MO,Missouri,0400000US29,29,Missouri,6154422,6154422,4884165,693892,17559,127044,8831,91703,331228,134401,196827,4199109,40330,913,620,506,1102,1920,1942,2929,8477,8499,47142,43718,67764,75271,63830,1087681,192752,306712,591834,345329,804597,370034,80507,54700,5979440,341207,425375,244328,260391,368744,167145,4172250,65920,36754,Missouri,,,5123,3450,990,1794,523,4077,6239,4787,3849,1531,1792,191,191,177,259,350,304,441,776,707,1704,1855,2423,2283,2246,9210,2958,4466,5944,5237,7814,5448,2257,1966,1650,7576,7739,6796,7818,9454,5351,15625,361,192
G300,2018-2022,MT,Montana,0400000US30,30,Montana,1091840,1091840,943827,6026,63493,9211,681,11592,57010,19231,37779,758200,3363,25,49,52,37,202,204,301,660,635,6913,4221,7438,8844,8937,175154,35784,54030,121486,72238,170549,59333,15762,11983,1066145,57533,74796,46341,45954,70168,31337,740016,66341,37837,Montana,,,1994,642,1185,560,274,1402,1820,1467,1318,634,459,22,39,44,33,81,90,123,179,181,648,407,696,703,763,2910,1417,1724,2587,2331,2937,1821,1125,903,564,2714,2861,2628,2561,3275,2245,5420,748,460
G310,2018-2022,NE,Nebraska,0400000US31,31,Nebraska,1958939,1958939,1603239,93555,18550,48874,1318,69315,124088,63635,60453,1283285,21604,294,423,341,1074,1762,1282,1468,7770,2457,9737,9999,12258,15913,17915,280742,45131,98332,186066,139287,280101,106137,25032,18160,1908613,87374,111092,75301,73698,112591,49511,1399046,71722,38585,Nebraska,,,2656,1741,1143,1114,338,3006,4127,2968,2110,578,1469,141,151,156,254,365,298,292,791,396,685,670,826,1023,900,3201,1501,1904,3035,2248,3367,2520,1213,917,865,3344,3789,3873,2986,3403,2711,6572,577,300
G320,2018-2022,NV,Nevada,0400000US32,32,Nevada,3104817,3104817,1732783,290223,40745,263063,21884,360620,395499,234103,161396,2154487,45599,740,797,1359,2809,4877,3532,6074,27620,6165,17563,25748,29390,38754,67488,503894,90629,166932,356289,186225,371761,139842,37727,22673,3063729,186512,202944,129917,141959,191378,90377,2120642,71646,37945,Nevada,,,7417,3521,2239,2475,919,6110,7231,6721,4706,512,1719,207,227,418,501,515,510,678,1515,622,1144,1527,1461,1838,2518,5707,2941,3234,4959,3260,5489,3255,1584,1396,1385,5454,6545,4946,6409,6044,4514,10813,495,252
G330,2018-2022,NH,New Hampshire,0400000US33,33,New Hampshire,1379610,1379610,1241594,20920,2070,36352,348,15009,63317,29967,33350,997353,7152,304,275,142,401,487,399,437,1611,1884,7136,7348,11963,10593,11592,229881,41093,60160,114506,100541,236189,116378,19939,16942,1340074,47190,50972,31829,35706,56308,27303,1090766,90845,48250,New Hampshire,,,2540,1078,384,969,197,1441,2709,2409,1545,505,843,118,135,112,154,186,147,158,308,559,836,723,1021,851,792,3899,1467,1954,2663,2252,4115,2602,1198,938,588,2170,2251,1972,2253,3169,1954,5225,966,430
G340,2018-2022,NJ,New Jersey,0400000US34,34,New Jersey,9249063,9249063,5528604,1213265,29780,913364,2554,768606,792890,536450,256440,6427003,109116,1992,1609,2619,5822,12946,15062,18756,54420,17480,56907,52832,64204,71135,116841,1511209,163416,337867,667139,430063,1636308,785250,182433,111577,9081112,401555,477624,258799,275396,390311,173298,7104129,97126,50995,New Jersey,,,12036,6398,2441,3807,440,11844,12698,10928,6884,639,3331,396,345,450,680,1220,1194,1447,2538,1494,2294,2336,2268,2430,3138,13477,3938,5307,6928,5231,11357,9029,3506,2597,1827,9817,11830,7828,9269,11470,6582,21656,605,277
G350,2018-2022,NM,New Mexico,0400000US35,35,New Mexico,2112463,2112463,1250614,44894,198140,34400,1849,233978,348588,278356,70232,1433908,20560,312,213,811,1888,5135,2435,3771,20856,5567,14544,23713,26484,34184,24186,305319,66748,91421,240172,128685,230705,131594,26832,27773,2070966,172487,206164,116923,107431,140570,60358,1267033,58722,32667,New Mexico,,,8106,1437,2279,1028,431,6431,6966,7111,3114,1097,1205,135,101,286,447,692,382,408,1584,560,1056,1334,1397,1589,1306,4161,2234,2537,4103,3035,3683,2833,1188,1423,1038,5796,5988,4674,4933,5587,3491,9043,581,256
G360,2018-2022,NY,New York,0400000US36,36,New York,19994379,19994379,11749652,3011116,93384,1767598,9120,1878496,1485013,883505,601508,14021808,356478,5300,4404,7569,13213,31343,29568,57416,134433,50355,156749,165834,189350,210925,327850,2933147,561245,682351,1426247,1238616,3033763,1731771,435559,238322,19516967,1277497,1378165,739054,710635,983262,439371,13988983,81386,47173,New York,,,14482,11329,3470,4880,1016,20691,17432,14202,9910,1186,6600,517,526,908,1021,1740,1807,2509,3263,2357,3248,4875,3779,4466,5993,19033,6673,7633,11699,9812,16042,13297,6035,4643,2775,16542,17718,12675,12847,15565,11060,38705,350,209
G370,2018-2022,NC,North Carolina,0400000US37,37,North Carolina,10470214,10470214,6800458,2192455,109600,325670,6948,421954,613129,278960,334169,7172112,94221,1710,1527,2297,5199,11370,8644,16449,47563,25910,71663,111133,133380,127681,99392,1505077,299329,449128,1010992,720557,1533552,648712,139534,107092,10186155,612228,745190,455962,469352,650197,283680,6969546,66186,37641,North Carolina,,,6981,6342,1885,2322,613,8590,9469,7092,7334,1556,2819,356,314,408,710,1034,969,1275,2315,1426,2751,3820,3806,3419,2568,11448,4715,5927,9686,7408,11611,8235,3589,3004,2180,11139,13186,10151,10311,10964,7539,25620,380,188
G380,2018-2022,ND,North Dakota,0400000US38,38,North Dakota,776874,776874,656425,25233,36284,12474,1459,10705,34294,10445,23849,506256,4491,75,58,77,115,99,80,208,629,554,6851,2956,4225,5923,6566,111395,20742,32898,76922,72298,113131,33064,7189,5710,750776,39978,40832,24816,25361,37075,17485,565229,73959,40748,North Dakota,,,1620,836,789,544,551,1150,1937,1148,1381,640,521,41,49,57,69,56,70,94,156,138,602,380,504,598,745,2120,1237,1146,1963,1847,2591,1441,693,601,491,2130,2231,1780,1526,2313,1587,4208,1131,450
G390,2018-2022,OH,Ohio,0400000US39,39,Ohio,11774683,11774683,9281702,1449450,17094,283278,4037,157485,581637,190279,391358,8097704,85033,1573,1022,1417,2296,4722,3820,6757,14817,13118,80971,72615,121190,154863,132190,2315749,310108,560069,1040670,715379,1515763,696826,148249,98487,11472644,702310,824197,433569,460187,667018,306357,8079006,66990,37729,Ohio,,,5406,6587,1191,2804,650,4283,8923,5065,7502,1259,2555,287,302,298,503,624,535,724,1047,1086,2286,2124,2943,3661,3349,14472,4247,5963,9043,6684,10891,8478,3113,2456,2055,11274,12276,8974,8601,10396,6933,23999,272,162
G400,2018-2022,OK,Oklahoma,0400000US40,40,Oklahoma,3970497,3970497,2716667,284453,298628,91720,7313,124427,447289,118519,328770,2621275,33398,296,443,1052,1962,3855,2371,4803,17868,7792,24894,36698,47823,59360,47078,674369,132785,200847,391714,217129,465739,177413,42157,29429,3847702,270091,315900,182737,192170,277296,126810,2482698,61364,33630,Oklahoma,,,4336,2356,3170,1471,490,3364,5027,4318,4071,808,1288,90,113,236,356,451,293,678,982,636,1003,1391,1369,1571,1703,5479,2725,3073,4688,3282,4382,2754,1765,1286,1040,5507,5848,4039,4158,5970,4228,10179,451,250
G410,2018-2022,OR,Oregon,0400000US41,41,Oregon,4229374,4229374,3328095,79593,46880,187852,17139,180534,389281,168170,221111,2999096,37458,843,884,1004,2851,5271,3091,5419,19840,5370,18014,25842,34175,40594,52646,542883,131179,242573,492010,272990,654185,283031,72199,54744,4149034,230483,263675,159051,171293,236823,104576,2983133,76632,41805,Oregon,,,6793,2067,1937,2598,765,5431,5715,5243,4701,909,1882,285,267,342,652,811,486,765,1566,753,1221,1745,1436,1751,1762,6939,3131,3282,6108,4130,6631,5087,1990,2005,1646,5323,7704,5500,6589,7116,4640,14760,539,256
G420,2018-2022,PA,Pennsylvania,0400000US42,42,Pennsylvania,12989208,12989208,10010379,1407814,20570,473192,4256,405422,667575,303356,364219,9128083,100550,2237,1381,2755,3027,7242,6465,10559,22127,18510,91254,86776,126164,145554,136593,2710001,348743,500374,921061,805392,1844355,884422,199768,152773,12582125,693455,788984,438606,467629,686395,305503,9201553,73170,41234,Pennsylvania,,,9523,7119,2081,3029,684,8833,9984,7154,7196,936,2774,380,274,562,510,1083,793,951,1508,1390,2823,2734,3004,3529,2719,13686,4586,6040,8192,6633,10803,8196,3684,3261,1889,11533,13014,7860,10092,11785,7401,26967,347,183
G440,2018-2022,RI,Rhode Island,0400000US44,44,Rhode Island,1094250,1094250,816308,67615,4072,37881,761,75669,91944,56475,35469,771284,14016,153,129,724,874,1481,2728,1790,4246,1931,8805,10640,10911,10947,12560,173104,34107,47993,90907,63413,165487,80811,19272,14255,1051789,54869,63164,34307,35406,50370,21587,792086,81370,43324,Rhode Island,,,3655,2153,889,958,336,3506,4123,3544,2165,466,1125,102,83,312,292,381,528,477,700,302,965,1042,913,1170,1021,3942,1695,1689,2706,2080,3152,2060,1088,1086,589,3106,3689,2985,2252,3452,2350,6381,1213,529
G450,2018-2022,SC,South Carolina,0400000US45,45,South Carolina,5142750,5142750,3342861,1326209,15617,85834,2722,123269,246238,103873,142365,3553321,40013,998,435,1006,1269,3879,3160,5852,17101,14340,28543,49323,73886,74283,65115,853211,158344,224914,491261,357618,674340,305597,62767,46066,5002332,334687,383162,224398,227335,327421,148830,3356499,63623,36072,South Carolina,,,4772,4885,1540,1646,439,4687,7014,4374,5230,985,1924,302,145,245,308,555,512,731,1206,1231,1379,2354,2923,2780,2202,8385,3781,4594,6201,4676,7588,5911,2411,2108,1479,7193,10250,7086,7996,8007,5450,17045,486,266
G460,2018-2022,SD,South Dakota,0400000US46,46,South Dakota,890342,890342,731624,19525,70948,12754,494,10567,44430,13890,30540,588987,5441,87,109,225,185,292,194,199,1185,931,7666,4276,6898,8077,7297,148100,27962,36567,82433,72002,123313,38604,10123,6821,860878,49648,55894,34581,32007,50498,22104,616146,69457,36850,South Dakota,,,1533,828,1105,654,283,1144,2032,1176,1581,751,870,59,83,149,103,149,89,102,226,225,631,414,658,656,639,2178,1232,1189,2090,1665,2710,1682,699,584,590,2398,2767,2212,2071,2663,1616,4640,788,445
G470,2018-2022,TN,Tennessee,0400000US47,47,Tennessee,6923772,6923772,5182736,1126815,14118,128630,4684,139938,326851,140517,186334,4758712,54747,845,771,1550,1982,6278,5073,7659,24483,18050,63485,63384,85025,94234,82585,1232458,265941,312930,656376,367186,889401,368384,89488,66397,6759549,427080,516503,303780,313180,441850,200309,4556847,64035,36040,Tennessee,,,5717,4094,1380,1660,835,3752,6605,5523,4526,1512,2123,230,192,343,458,800,695,808,1440,1126,2300,2282,2840,2445,2484,9914,4460,5220,7526,5016,8279,5911,2594,1891,2334,8495,10911,8615,8101,10428,6356,21479,350,208
G480,2018-2022,TX,Texas,0400000US48,48,Texas,29243342,29243342,17293460,3552579,169576,1511069,27350,2281525,4407783,3547610,860173,18910948,462389,5656,6688,19733,41591,84895,54952,85583,353018,95460,209581,384147,294105,325400,369136,3792935,833194,1221713,2733655,1435330,3919003,1598654,341512,242618,28615931,1810019,2180307,1286668,1342163,1814985,785662,19396127,73035,37514,Texas,,,31713,10470,6411,5316,1672,24856,31111,30815,13507,2707,8450,722,973,1461,2196,3353,2660,3129,7013,2803,4756,7224,5926,6914,6689,23837,10042,14997,18200,10228,20609,17952,6559,5133,3764,24058,28783,23941,25658,27389,14808,56145,227,130
G490,2018-2022,UT,Utah,0400000US49,49,Utah,3283809,3283809,2705194,37712,32948,77761,30748,174721,224725,114101,110624,1959919,21356,301,365,340,844,1915,1421,2404,10183,3296,6584,12977,13782,22168,34527,383506,58867,154836,327177,194933,468541,173551,36570,29475,3231630,126673,148515,101982,120288,187593,88030,2458549,86833,37023,Utah,,,5332,1541,1484,1697,1239,5642,5532,4711,3424,689,1443,144,172,118,232,321,350,505,861,467,730,870,1066,1101,1265,5052,1995,3086,3878,3271,5103,3307,1576,1590,1188,5267,5806,4491,5343,7208,4634,12551,674,249
G500,2018-2022,VT,Vermont,0400000US50,50,Vermont,643816,643816,594131,8000,1336,10824,148,3568,25809,9039,16770,459033,2750,137,84,26,48,91,45,157,596,469,3736,3227,4629,5635,4957,112763,13934,24038,50837,39344,111614,57539,12438,9939,620877,29384,35355,21961,20867,30545,16996,465769,74014,41680,Vermont,,,752,526,228,689,75,423,1158,720,925,348,387,82,74,25,32,62,32,93,198,178,433,389,453,629,431,1850,721,990,1644,1296,2198,1308,803,744,246,1817,1766,1600,1447,1847,1522,4105,1049,571
G510,2018-2022,VA,Virginia,0400000US51,51,Virginia,8624511,8624511,5473610,1630355,23728,591088,6185,303247,596298,252261,344037,5919142,79107,1087,1002,1924,3635,8171,6751,10409,31134,24787,44547,59185,82181,86071,85826,1184055,227829,361900,732853,461866,1366160,780607,158770,119285,8379773,409343,427343,255684,274461,410241,185147,6417554,87249,47210,Virginia,,,7967,5432,1752,3007,567,7735,8425,7012,6077,1581,2640,259,237,449,705,795,692,866,1717,1367,1862,2126,2277,2308,2436,10497,3462,5345,8478,5478,9904,8577,3886,2954,2104,9694,8934,7512,6560,9100,5980,21397,428,250
G530,2018-2022,WA,Washington,0400000US53,53,Washington,7688549,7688549,5374874,301477,91698,708647,53003,399571,759279,292781,466498,5347314,75599,708,1226,2852,5617,9277,5696,8607,34182,9726,29842,44300,47205,61114,87698,957379,207751,399854,788146,541092,1244437,569699,123220,92087,7553642,366565,380973,228261,244861,357384,161031,5814567,90325,48685,Washington,,,8095,3801,3290,3867,1443,9278,9353,7681,6708,683,2707,263,303,577,710,861,673,844,1903,1030,1672,2282,1951,2267,2352,9016,4236,5576,8201,6293,9078,6621,2844,2497,2065,7777,8635,8021,6637,8420,6318,16719,433,231
G540,2018-2022,WV,West Virginia,0400000US54,54,West Virginia,1792967,1792967,1639342,61227,1730,13602,657,9504,66905,22651,44254,1271529,11571,241,109,217,227,887,918,1492,5034,6022,19396,23530,31288,29380,16689,421521,80812,79351,152578,101487,171758,84486,18450,14085,1736883,131925,159935,87289,88217,118595,51570,1099352,55217,31462,West Virginia,,,1939,1452,274,574,292,1090,2263,1760,1556,1024,960,179,80,152,111,284,234,310,604,541,1039,1337,1746,1367,1003,4543,2261,2249,3313,2357,3178,2666,1246,863,1105,3738,5715,3834,4184,4790,2902,7896,577,341
G550,2018-2022,WI,Wisconsin,0400000US55,55,Wisconsin,5882128,5882128,4854979,363331,43759,169052,2261,128690,320056,155464,164592,4047831,38573,619,638,653,949,2545,2391,2936,12887,4054,31530,25042,38842,54636,63110,1071376,139878,269276,540579,451044,852632,319419,70555,53667,5743164,280439,331222,190606,200256,310612,154435,4275594,72458,40130,Wisconsin,,,4716,2714,1298,1920,398,4012,5600,4592,4142,839,1554,176,205,250,236,407,425,400,1083,497,1305,1277,1243,1667,1828,8722,2552,3600,5486,4167,7973,4196,1917,1843,1235,5846,6242,4607,4759,5758,4010,11980,372,248
G560,2018-2022,WY,Wyoming,0400000US56,56,Wyoming,577929,577929,504798,4891,12359,4717,636,16504,34024,17046,16978,391802,2890,28,15,39,101,338,106,74,1093,661,1971,2337,3960,4845,5261,88797,21480,32888,65255,46082,71313,31053,6077,5138,564105,27092,33042,18868,21550,32486,14382,416685,72495,39547,Wyoming,,,1856,489,577,409,238,1452,1715,1402,1061,686,448,36,24,36,78,156,80,74,293,224,326,368,472,531,652,2172,1148,1422,2085,1600,2249,1499,605,536,349,1789,2147,1833,1921,2056,1790,4156,1201,743
G720,2018-2022,PR,Puerto Rico,0400000US72,72,Puerto Rico,3272382,3272382,1425431,286388,5066,6295,279,786315,762608,600716,161892,2400393,51914,643,528,10042,14162,28144,33986,27000,62611,39051,50313,78610,31756,44943,19235,617845,54436,34261,251030,271432,482139,134673,30748,30891,3242916,709913,658447,289797,256815,290715,102427,934802,24002,15637,Puerto Rico,,,10705,5775,950,955,280,9556,10236,9690,3935,555,2244,189,184,850,1145,1348,1566,1430,2053,1693,2011,1961,1406,1562,1159,6604,2221,1569,4624,4920,5908,3191,1374,1538,568,10426,9893,6490,7151,7280,4771,11025,222,157
